Mutation,site,wildtype,mutation,mut_escape,Clade
S:G339D,339,G,D,0.02524,21K
S:S371L,371,S,L,0.03422,21K
S:S373P,373,S,P,0.03566,21K
S:K417N,417,K,N,0.02874,21K
S:N440K,440,N,K,0.02505,21K
S:G446S,446,G,S,0.02698,21K
S:T478K,478,T,F,0.02788,21K
S:E484A,484,E,A,0.1535,21K
S:Q493R,493,Q,R,0.05415,21K
S:G496S,496,G,S,0.02456,21K
S:G339D,339,G,D,0.02524,21L
S:S371L,371,S,L,0.03422,21L
S:S373P,373,S,P,0.03566,21L
S:S375F,,,,,21L
S:T376A,,,,,21L
S:D405N,405,D,N,0.03231,21L
S:R408S,408,R,S,0.0274,21L
S:K417N,417,K,N,0.02874,21L
S:N440K,440,N,K,0.02505,21L
S:S477N,477,S,N,0.0327,21L
S:T478K,478,T,F,0.02788,21L
S:E484A,484,E,A,0.1535,21L
S:Q493R,493,Q,R,0.05415,21L
S:Q498R,498,Q,R,0.03096,21L
S:N501Y,501,N,Y,0.05058,21L
S:Y505H,505,Y,H,0.03089,21L
S:G339D,339,G,D,0.02524,22B
S:S371L,371,S,L,0.03422,22B
S:S373P,373,S,P,0.03566,22B
S:S375F,,,,,22B
S:T376A,,,,,22B
S:D405N,405,D,N,0.03231,22B
S:R408S,408,R,S,0.0274,22B
S:K417N,417,K,N,0.02874,22B
S:N440K,440,N,K,0.02505,22B
S:L452R,452,L,R,0.03796,22B
S:S477N,477,S,N,0.0327,22B
S:T478K,478,T,F,0.02788,22B
S:E484A,484,E,A,0.1535,22B
S:Q493R,493,Q,R,0.05415,22B
S:Q498R,498,Q,R,0.03096,22B
S:N501Y,501,N,Y,0.05058,22B
S:Y505H,505,Y,H,0.03089,22B
S:G339D,339,G,D,0.02524,22E
S:S371L,371,S,L,0.03422,22E
S:S373P,373,S,P,0.03566,22E
S:S375F,,,,,22E
S:T376A,,,,,22E
S:D405N,405,D,N,0.03231,22E
S:R408S,408,R,S,0.0274,22E
S:K417N,417,K,N,0.02874,22E
S:N440K,440,N,K,0.02505,22E
S:K444T,444,K,T,0.0279,22E
S:L452R,452,L,R,0.03796,22E
S:N460K,460,N,K,0.02352,22E
S:S477N,477,S,N,0.0327,22E
S:T478K,478,T,F,0.02788,22E
S:E484A,484,E,A,0.1535,22E
S:F486V,486,F,V,0.08162,22E
S:Q493R,493,Q,R,0.05415,22E
S:Q498R,498,Q,R,0.03096,22E
S:N501Y,501,N,Y,0.05058,22E
S:Y505H,505,Y,H,0.03089,22E
